marca;carro
CHEVROLET;A-10
CHEVROLET;A-20
CHEVROLET;AGILE
CHEVROLET;ASTRA
CHEVROLET;BLAZER
CHEVROLET;BONANZA
CHEVROLET;C-10
CHEVROLET;C-20
CHEVROLET;CALIBRA
CHEVROLET;CAMARO
CHEVROLET;CAPRICE
CHEVROLET;CAPTIVA
CHEVROLET;CARAVAN
CHEVROLET;CAVALIER
CHEVROLET;CELTA
CHEVROLET;CHEVY
CHEVROLET;CHEYNNE
CHEVROLET;COBALT
CHEVROLET;CORSA
CHEVROLET;CORVETTE
CHEVROLET;CRUZE
CHEVROLET;D-10
CHEVROLET;D-20
CHEVROLET;IPANEMA
CHEVROLET;KADETT
CHEVROLET;LUMINA
CHEVROLET;MALIBU
CHEVROLET;MERIVA
CHEVROLET;MONTANA
CHEVROLET;OMEGA
CHEVROLET;OPALA
CHEVROLET;PRISMA
CHEVROLET;S10
CHEVROLET;SILVERADO
CHEVROLET;SONIC
CHEVROLET;SONOMA
CHEVROLET;SPACEVAN
CHEVROLET;SS10
CHEVROLET;SUBURBAN
CHEVROLET;SYCLONE
CHEVROLET;TIGRA
CHEVROLET;TRACKER
CHEVROLET;TRAFIC
CHEVROLET;VECTRA
CHEVROLET;VERANEIO
CHEVROLET;ZAFIRA
CHEVROLET;BEL AIR
CHEVROLET;C-14
CHEVROLET;C-15
CHEVROLET;BRASIL
CHEVROLET;ONIX
CHEVROLET;SPIN
CHEVROLET;TRAILBLAZER
CHEVROLET;CLUB COUPE
CHEVROLET;GMC 100
CHEVROLET;STYLELINE
CHEVROLET;YUKON
CHEVROLET;SSR
CHEVROLET;IMPALA
CHEVROLET;GRAND BLAZER
CHEVROLET;ASTRO
CHEVROLET;MONZA
CHEVROLET;CHEVETTE
CHEVROLET;TRAX
CHEVROLET;CORISCO
CHEVROLET;CHEVELLE
CHEVROLET;VENTURE
CHEVROLET;FLEETLINE
CHEVROLET;FLEETMASTER
CHEVROLET;DELUXE
CHEVROLET;MASTER
CHEVROLET;CLASSIC
CHEVROLET;MARAJO
CHEVROLET;SUPREMA
FIAT;147
FIAT;500
FIAT;BRAVA
FIAT;BRAVO
FIAT;COUPE
FIAT;DOBLO
FIAT;DUCATO CARGO
FIAT;DUNA
FIAT;ELBA
FIAT;FIORINO
FIAT;FREEMONT
FIAT;GRAND SIENA
FIAT;IDEA
FIAT;LINEA
FIAT;MAREA
FIAT;OGGI
FIAT;PALIO
FIAT;PANORAMA
FIAT;PREMIO
FIAT;PUNTO
FIAT;SIENA
FIAT;STILO
FIAT;STRADA
FIAT;TEMPRA
FIAT;TIPO
FIAT;UNO
FIAT;140
FIAT;PALIO WEEKEND
FIAT;600
FIAT;TOPOLINO
FIAT;BALILLA
FIAT;MILLE
FIAT;MOBI
FIAT;TORO
VOLKSWAGEN;AMAROK
VOLKSWAGEN;APOLLO
VOLKSWAGEN;BORA
VOLKSWAGEN;CARAVELLE
VOLKSWAGEN;CORRADO
VOLKSWAGEN;EOS
VOLKSWAGEN;EUROVAN
VOLKSWAGEN;FOX
VOLKSWAGEN;FUSCA
VOLKSWAGEN;GOL
VOLKSWAGEN;GOLF
VOLKSWAGEN;JETTA
VOLKSWAGEN;KOMBI
VOLKSWAGEN;LOGUS
VOLKSWAGEN;PARATI
VOLKSWAGEN;PASSAT
VOLKSWAGEN;POINTER
VOLKSWAGEN;POLO
VOLKSWAGEN;SANTANA
VOLKSWAGEN;SAVEIRO
VOLKSWAGEN;SPACEFOX
VOLKSWAGEN;TIGUAN
VOLKSWAGEN;TOUAREG
VOLKSWAGEN;VOYAGE
VOLKSWAGEN;BRASILIA
VOLKSWAGEN;TL
VOLKSWAGEN;VARIANT
VOLKSWAGEN;SP2
VOLKSWAGEN;POLAUTO
VOLKSWAGEN;CC
VOLKSWAGEN;TOURAN
VOLKSWAGEN;TRANSPORTER
VOLKSWAGEN;UP
VOLKSWAGEN;NEW BEETLE
VOLKSWAGEN;QUANTUM
VOLKSWAGEN;CROSSFOX
VOLKSWAGEN;GOLF VARIANT
VOLKSWAGEN;SPACE CROSS
HYUNDAI;ACCENT
HYUNDAI;ATOS
HYUNDAI;AZERA
HYUNDAI;COUPE
HYUNDAI;ELANTRA
HYUNDAI;EXCEL
HYUNDAI;GALLOPER
HYUNDAI;GENESIS
HYUNDAI;H1
HYUNDAI;H100
HYUNDAI;I30
HYUNDAI;IX35
HYUNDAI;MATRIX
HYUNDAI;PORTER
HYUNDAI;SANTA FE
HYUNDAI;SCOUPE
HYUNDAI;SONATA
HYUNDAI;TERRACAN
HYUNDAI;TRAJET
HYUNDAI;TUCSON
HYUNDAI;VELOSTER
HYUNDAI;VERACRUZ
HYUNDAI;PRIME
HYUNDAI;TIBURON
HYUNDAI;HB20
HYUNDAI;EQUUS
HYUNDAI;HB20X
HYUNDAI;HB20S
HYUNDAI;HB20R
HYUNDAI;GRAND SANTA FE
TOYOTA;AVALON
TOYOTA;BANDEIRANTE
TOYOTA;CAMRY
TOYOTA;CELICA
TOYOTA;COROLLA
TOYOTA;CORONA
TOYOTA;HILUX
TOYOTA;LAND CRUISER
TOYOTA;MR-2
TOYOTA;PASEO
TOYOTA;PREVIA
TOYOTA;RAV4
TOYOTA;SUPRA
TOYOTA;COROLLA FIELDER
TOYOTA;HILUX SW4
TOYOTA;SR5
TOYOTA;VITZ
TOYOTA;ETIOS
TOYOTA;PRIUS
TOYOTA;T-100
TOYOTA;COROLLA XRS
TOYOTA;ETIOS SEDAN
TOYOTA;ETIOS CROSS
JEEP;CHEROKEE
JEEP;COMMANDER
JEEP;COMPASS
JEEP;GRAND CHEROKEE
JEEP;WRANGLER
JEEP;JEEP
JEEP;CJ5
JEEP;CJ3
JEEP;RENEGADE
RENAULT;21 SEDAN
RENAULT;CLIO
RENAULT;DUSTER
RENAULT;EXPRESS
RENAULT;FLUENCE
RENAULT;KANGOO
RENAULT;LAGUNA
RENAULT;LOGAN
RENAULT;MASTER
RENAULT;MEGANE
RENAULT;SAFRANE
RENAULT;SANDERO
RENAULT;SCENIC
RENAULT;SYMBOL
RENAULT;TRAFIC
RENAULT;TWINGO
RENAULT;CLIO SEDAN
RENAULT;MEGANE GRAND TOUR
RENAULT;SANDERO STEPWAY
RENAULT;7TL
RENAULT;19
RENAULT;GORDINI
RENAULT;SANDERO GT
RENAULT;MEGANE SEDAN
RENAULT;21 NEVADA
RENAULT;MASTER MINIBUS
RENAULT;DUSTER OROCH
RENAULT;SANDERO RS
HONDA;ACCORD
HONDA;CITY
HONDA;CIVIC
HONDA;CR-V
HONDA;FIT
HONDA;ODYSSEY
HONDA;PASSPORT
HONDA;PRELUDE
HONDA;ACTY
HONDA;AIRWAVE
HONDA;ASCOT
HONDA;BALLADE
HONDA;BEAT
HONDA;CR-X
HONDA;CONCERTO
HONDA;CR-Z
HONDA;DOMANI
HONDA;EDIX
HONDA;ELEMENT
HONDA;EV PLUS
HONDA;FCX
HONDA;FR-V
HONDA;HR-V
HONDA;HSC
HONDA;INSIGHT
HONDA;LIFE DUNK
HONDA;LOGO
HONDA;MOBILIO
HONDA;ORTHIA
HONDA;PARTNER VAN
HONDA;PILOT
HONDA;RIDGELINE
HONDA;S2000
HONDA;S600
HONDA;S500
HONDA;S800
HONDA;STEPWGN
HONDA;STREAM
HONDA;THATS
HONDA;VAMOZ
HONDA;Z
HONDA;ZEST
HONDA;FIT TWIST
NISSAN;350Z
NISSAN;ALTIMA
NISSAN;AX
NISSAN;D-21
NISSAN;FRONTIER
NISSAN;KING-CAB
NISSAN;LIVINA
NISSAN;MARCH
NISSAN;MAXIMA
NISSAN;MURANO
NISSAN;NX
NISSAN;PATHFINDER
NISSAN;PRIMERA
NISSAN;QUEST
NISSAN;SENTRA
NISSAN;STANZA
NISSAN;180SX
NISSAN;TERRANO
NISSAN;TIIDA
NISSAN;VERSA
NISSAN;X-TRAIL
NISSAN;XTERRA
NISSAN;ZX
NISSAN;370Z
NISSAN;LIVINA X-GEAR
NISSAN;GRAND LIVINA
NISSAN;200SX
NISSAN;240SX
PEUGEOT;106
PEUGEOT;205
PEUGEOT;206
PEUGEOT;207
PEUGEOT;3008
PEUGEOT;306
PEUGEOT;307
PEUGEOT;308
PEUGEOT;405
PEUGEOT;406
PEUGEOT;407
PEUGEOT;408
PEUGEOT;504
PEUGEOT;505
PEUGEOT;508
PEUGEOT;605
PEUGEOT;607
PEUGEOT;806
PEUGEOT;807
PEUGEOT;BOXER
PEUGEOT;HOGGAR
PEUGEOT;PARTNER
PEUGEOT;RCZ
PEUGEOT;207 SW
PEUGEOT;307 SEDAN
PEUGEOT;307 SW
PEUGEOT;207 SEDAN
PEUGEOT;207 QUIKSILVER
PEUGEOT;207 ESCAPADE
PEUGEOT;308 CC
PEUGEOT;BOXER PASSAGEIRO
PEUGEOT;306 CABRIOLET
PEUGEOT;407 SW
PEUGEOT;307 CC
PEUGEOT;306 SW
PEUGEOT;208
PEUGEOT;HOGGAR ESCAPADE
PEUGEOT;2008
CHERY;CIELO
CHERY;FACE
CHERY;QQ
CHERY;S-18
CHERY;TIGGO
CHERY;CELER
CHERY;CELER SEDAN
CHERY;CIELO SEDAN
CITROEN;AIRCROSS
CITROEN;AX
CITROEN;BERLINGO
CITROEN;BX
CITROEN;C3
CITROEN;C4
CITROEN;C5
CITROEN;C6
CITROEN;C8
CITROEN;DS3
CITROEN;EVASION
CITROEN;JUMPER
CITROEN;XANTIA
CITROEN;XM
CITROEN;XSARA
CITROEN;ZX
CITROEN;C4 PALLAS
CITROEN;C4 PICASSO
CITROEN;C4 VTR
CITROEN;XSARA PICASSO
CITROEN;C3 PICASSO
CITROEN;GRAND C4 PICASSO
CITROEN;JUMPER MINIBUS
CITROEN;JUMPER VETRATO
CITROEN;ONCE
CITROEN;C4 LOUNGE
CITROEN;C3 SOLARIS
CITROEN;C3 XTR
CITROEN;C4 SOLARIS
CITROEN;C5 BREAK/TOURER
CITROEN;XSARA BREAK
CITROEN;XSARA VTS
CITROEN;XANTIA BREAK
CITROEN;XM BREAK
CITROEN;C15
CITROEN;NEMO
CITROEN;VISA
CITROEN;C1
CITROEN;C2
CITROEN;C3 PLURIEL
CITROEN;DS4
CITROEN;DS5
CITROEN;JUMPY
CITROEN;C-CROSSER
CITROEN;C35
CITROEN;C25
CITROEN;CX
CITROEN;CX BREAK
CITROEN;AXEL
CITROEN;DYANE
CITROEN;GS/GSA
CITROEN;GS/GSA BREAK
CITROEN;MEHARI
CITROEN;SAXO
CITROEN;SM
CITROEN;ELYSEE
BMW;RX
BMW;330
BMW;520
BMW;730
BMW;M1
BMW;SERIE Z
BMW;120 CABRIO
BMW;320 TOURING
BMW;330 CABRIO
BMW;SERIE 5 TOURING
BMW;SERIE 6 CABRIO
BMW;SERIE M CONVERSIVEL
BMW;M5 TOURING
BMW;SERIE Z ROADSTER
BMW;118
BMW;120
BMW;130
BMW;BAVARIA
BMW;C-2800
BMW;318
BMW;320
BMW;318 CABRIO
BMW;325 CABRIO
BMW;530
BMW;540
BMW;550
BMW;740
BMW;750
BMW;760
BMW;X1
BMW;X3
BMW;X5
BMW;X6
BMW;840
BMW;850
BMW;645
BMW;650
BMW;M3
BMW;M5
BMW;M6
BMW;X6 M
MITSUBISHI;3000
MITSUBISHI;AIRTREK
MITSUBISHI;ASX
MITSUBISHI;COLT
MITSUBISHI;DIAMANT
MITSUBISHI;ECLIPSE
MITSUBISHI;EXPO
MITSUBISHI;GALANT
MITSUBISHI;GRANDIS
MITSUBISHI;L200
MITSUBISHI;L300
MITSUBISHI;LANCER
MITSUBISHI;MIRAGE
MITSUBISHI;MONTERO
MITSUBISHI;OUTLANDER
MITSUBISHI;PAJERO
MITSUBISHI;SPACE WAGON
MITSUBISHI;PAJERO FULL
MITSUBISHI;PAJERO DAKAR
MITSUBISHI;PAJERO TR4
MITSUBISHI;LANCER SPORTBACK
MITSUBISHI;LANCER EVOLUTION
MITSUBISHI;L200 TRITON SAVANA
MITSUBISHI;L200 TRITON
MITSUBISHI;PAJERO FULL 3D
MITSUBISHI;PAJERO SPORT
AUDI;100
AUDI;80
AUDI;A1
AUDI;A3
AUDI;A4 SEDAN
AUDI;A5 COUPE
AUDI;A6 SEDAN
AUDI;A7
AUDI;A8
AUDI;Q3
AUDI;Q5
AUDI;Q7
AUDI;R8
AUDI;RS3
AUDI;RS4
AUDI;RS5
AUDI;RS6
AUDI;S3
AUDI;S4 SEDAN
AUDI;S6 SEDAN
AUDI;S8
AUDI;TT
AUDI;TTS
AUDI;A4 AVANT
AUDI;S4 AVANT
AUDI;A5 SPORTBACK
AUDI;A5 CABRIOLET
AUDI;S5 COUPE
AUDI;S5 SPORTBACK
AUDI;S5 CABRIOLET
AUDI;A6 AVANT
AUDI;A6 ALLROAD
AUDI;S6 AVANT
AUDI;S7
AUDI;TT ROADSTER
AUDI;TT RS
AUDI;TT RS ROADSTER
AUDI;TTS ROADSTER
AUDI;R8 SPYDER
AUDI;R8 GT
AUDI;R8 GT SPYDER
AUDI;A4 CABRIOLET
AUDI;A1 SPORTBACK
AUDI;A1 QUATTRO
AUDI;A3 SPORTBACK
AUDI;RS4 AVANT
AUDI;A8L W12
AUDI;R8 V10
VOLVO;400 SERIES
VOLVO;850
VOLVO;900 SERIES
VOLVO;100 SERIES
VOLVO;200 SERIES
VOLVO;300 SERIES
VOLVO;66
VOLVO;700 SERIES
VOLVO;AMAZON
VOLVO;C303
VOLVO;DUETT
VOLVO;L3314
VOLVO;OV 4
VOLVO;P1800
VOLVO;SUGGA
VOLVO;C70
VOLVO;C30
VOLVO;544
VOLVO;S40
VOLVO;S60
VOLVO;S70
VOLVO;S80
VOLVO;V40
VOLVO;V50
VOLVO;V60
VOLVO;V70
VOLVO;S90
VOLVO;XC60
VOLVO;XC70
VOLVO;XC90
VOLVO;P1900
VOLVO;PV36
VOLVO;PV444
VOLVO;PV544
VOLVO;PV51
VOLVO;PV654
VOLVO;C50
MERCEDES-BENZ;CLASSE A
MERCEDES-BENZ;CLASSE B
MERCEDES-BENZ;CLASSE R
MERCEDES-BENZ;CLASSE GLK
MERCEDES-BENZ;SPRINTER
MERCEDES-BENZ;CLASSE CLC
MERCEDES-BENZ;CLASSE CLS
MERCEDES-BENZ;CLASSE SLK
MERCEDES-BENZ;CLASSE C
MERCEDES-BENZ;CLASSE E
MERCEDES-BENZ;CLASSE CL
MERCEDES-BENZ;CLASSE CLK
MERCEDES-BENZ;CLASSE S
MERCEDES-BENZ;CLASSE SL
MERCEDES-BENZ;CLASSE SLS
MERCEDES-BENZ;CLASSE G
MERCEDES-BENZ;CLASSE GL
MERCEDES-BENZ;CLASSE M
MERCEDES-BENZ;170
MERCEDES-BENZ;300D
MERCEDES-BENZ;CLASSE TE
MERCEDES-BENZ;190
MERCEDES-BENZ;CLASSE CLA
MERCEDES-BENZ;CLASSE V
MERCEDES-BENZ;VANEO
MERCEDES-BENZ;CITAN
MERCEDES-BENZ;VARIO
MERCEDES-BENZ;CLASSE S CLASSICO
LAND ROVER;DEFENDER
LAND ROVER;DISCOVERY
LAND ROVER;FREELANDER
LAND ROVER;NEW RANGE
LAND ROVER;RANGE ROVER
FORD;AEROSTAR
FORD;ASPIRE
FORD;BELINA
FORD;CLUB WAGON
FORD;CONTOUR
FORD;CORCEL II
FORD;COURIER
FORD;CROWN VICTORIA
FORD;DEL REY
FORD;ECOSPORT
FORD;EDGE
FORD;ESCORT
FORD;EXPEDITION
FORD;EXPLORER
FORD;F-100
FORD;F-1000
FORD;F-150
FORD;F-250
FORD;FIESTA
FORD;FOCUS
FORD;FURGLAINE
FORD;FUSION
FORD;IBIZA
FORD;KA
FORD;MONDEO
FORD;MUSTANG
FORD;PAMPA
FORD;PROBE
FORD;RANGER
FORD;VERSAILLES ROYALE
FORD;TAURUS
FORD;THUNDERBIRD
FORD;TRANSIT
FORD;VERONA
FORD;VERSAILLES
FORD;WINDSTAR
FORD;BRASILVAN
FORD;CORCEL
FORD;FOCUS SEDAN
FORD;FIESTA SEDAN
FORD;FIESTA TRAIL
FORD;ESCORT SW
FORD;F-01
FORD;FALCON
FORD;GALAXIE
FORD;MAVERICK
FORD;MODELO A
FORD;NEW FIESTA
FORD;NEW FIESTA SEDAN
FORD;TRANSIT PASSAGEIRO
FORD;TRANSIT CHASSI
FORD;SIERRA
FORD;F-85
FORD;ANGLIA
FORD;TT
FORD;DE LUXE
FORD;CUSTOM
FORD;T-BUCKET
FORD;KA SPORT
FORD;FREESTYLE
FORD;RANGER CD
FORD;MONDEO SW
FORD;ESCORT SEDAN
FORD;ESCORT CONVERSIVEL
FORD;EXCURSION
FORD;F-10000
FORD;PHAETON
FORD;TORINO
FORD;ESCORT XR3
FORD;KA SEDAN
FORD;FOCUS FASTBACK
KIA;AM-825
KIA;HI-TOPIC
KIA;ROCSTA
KIA;TOPIC
KIA;TOWNER
KIA;BESTA
KIA;BONGO
KIA;CADENZA
KIA;CARENS
KIA;CARNIVAL
KIA;CERATO
KIA;CERES
KIA;CLARUS
KIA;MAGENTIS
KIA;MOHAVE
KIA;OPIRUS
KIA;OPTIMA
KIA;PICANTO
KIA;SEPHIA
KIA;SHUMA
KIA;SORENTO
KIA;SOUL
KIA;SPORTAGE
KIA;CERATO KOUP
KIA;GRAND BESTA
KIA;QUORIS
KIA;GRAND CARNIVAL
JAC;J3
JAC;J5
JAC;J6
JAC;J3 TURIN
JAC;J2
JAC;J3S
JAC;T140
JAC;T8
JAC;T6
JAC;T5
DODGE;AVENGER
DODGE;DAKOTA
DODGE;JOURNEY
DODGE;RAM
DODGE;STEALTH
DODGE;POLARA
DODGE;NITRO
DODGE;CHALLENGER
DODGE;DART
DODGE;LE BARON
DODGE;CORDOBA
DODGE;CHARGER
DODGE;D100
DODGE;CUSTOM ROYAL
DODGE;MAGNUM
DODGE;KINGSWAY
